subjectid,description
3-101-113-1188,Maths | Data and Statistics | Data Collection | Data Collection-Others
3-101-113-336,Maths | Data and Statistics | Data Collection | Tally Charts
3-101-113-337,Maths | Data and Statistics | Data Collection | Types of Data and Questionnaires
3-101-338-102,"Maths | Data and Statistics | Data Processing | Averages (mean, median, mode) from a List of Data"
3-101-338-102-339,"Maths | Data and Statistics | Data Processing | Averages (mean, median, mode) from a List of Data | Range and Interquartile Range from a List of Data"
3-101-338-103,Maths | Data and Statistics | Data Processing | Averages and Range from Grouped Data
3-101-338-114,Maths | Data and Statistics | Data Processing | Sampling and Bias
3-101-338-339,Maths | Data and Statistics | Data Processing | Range and Interquartile Range from a List of Data
3-101-338-340,Maths | Data and Statistics | Data Processing | Averages and Range from Frequency Table
3-101-338-341,Maths | Data and Statistics | Data Processing | Interpreting and Comparing Data using Averages and Range
3-101-338-342-102-106,"Maths | Data and Statistics | Data Processing | Data Representation | Averages (mean, median, mode) from a List of Data | Block Graphs and Bar Charts"
3-101-338-342-102-116,"Maths | Data and Statistics | Data Processing | Data Representation | Averages (mean, median, mode) from a List of Data | Stem and Leaf Diagram"
3-101-338-342-104-339,Maths | Data and Statistics | Data Processing | Data Representation | Box Plots | Range and Interquartile Range from a List of Data
3-101-338-342-106-340,Maths | Data and Statistics | Data Processing | Data Representation | Block Graphs and Bar Charts | Averages and Range from Frequency Table
3-101-342-104,Maths | Data and Statistics | Data Representation | Box Plots
3-101-342-105,Maths | Data and Statistics | Data Representation | Cumulative Frequency Diagram
3-101-342-105-107-109-116,Maths | Data and Statistics | Data Representation | Cumulative Frequency Diagram | Histogram | Pie Chart | Stem and Leaf Diagram
3-101-342-106,Maths | Data and Statistics | Data Representation | Block Graphs and Bar Charts
3-101-342-107,Maths | Data and Statistics | Data Representation | Histogram
3-101-342-108,Maths | Data and Statistics | Data Representation | Pictogram
3-101-342-109,Maths | Data and Statistics | Data Representation | Pie Chart
3-101-342-115,Maths | Data and Statistics | Data Representation | Scatter Diagram
3-101-342-116,Maths | Data and Statistics | Data Representation | Stem and Leaf Diagram
3-101-342-117,Maths | Data and Statistics | Data Representation | Time Series and Line Graphs
3-101-342-118,Maths | Data and Statistics | Data Representation | Two Way Tables
3-101-342-118-344,Maths | Data and Statistics | Data Representation | Two Way Tables | Venn Diagrams
3-101-342-1650,Maths | Data and Statistics | Data Representation | Frequency Trees
3-101-342-343,Maths | Data and Statistics | Data Representation | Frequency Diagram and Frequency Polygon
3-101-342-344,Maths | Data and Statistics | Data Representation | Venn Diagrams
3-101-342-348-344-353,Maths | Data and Statistics | Data Representation | Probability | Venn Diagrams | Probability with Venn Diagrams
3-101-348-110,Maths | Data and Statistics | Probability | Experimental Probability and Relative Frequency
3-101-348-111,Maths | Data and Statistics | Probability | Probability of Single Events
3-101-348-111-349,Maths | Data and Statistics | Probability | Probability of Single Events | Combined Events
3-101-348-112,Maths | Data and Statistics | Probability | Tree Diagrams with Dependent Events
3-101-348-112-349,Maths | Data and Statistics | Probability | Tree Diagrams with Dependent Events | Combined Events
3-101-348-349,Maths | Data and Statistics | Probability | Combined Events
3-101-348-350,Maths | Data and Statistics | Probability | Tree Diagrams with Independent Events
3-101-348-353,Maths | Data and Statistics | Probability | Probability with Venn Diagrams
3-119-146-434,Maths | Advanced Pure | Functions | Function Notation
3-119-146-436,Maths | Advanced Pure | Functions | Inverse Functions
3-119-146-437,Maths | Advanced Pure | Functions | Composite Functions
3-1642-71-692-79-698-269-700,"Maths | Science | Geometry and Measure | Physics | Compound Measures | Forces and Motion | Speed, Distance, Time | Speed and Distance-Time graphs"
3-32-101-144-348-349-1636,Maths | Number | Data and Statistics | Basic Arithmetic | Probability | Combined Events | Systematic Listing Strategies
3-32-101-39-348-111-230,Maths | Number | Data and Statistics | Fractions | Probability | Probability of Single Events | Adding and Subtracting Fractions
3-32-101-40-338-47-102,"Maths | Number | Data and Statistics | Indices, Powers and Roots | Data Processing | Standard Form | Averages (mean, median, mode) from a List of Data"
3-32-101-40-338-47-341,"Maths | Number | Data and Statistics | Indices, Powers and Roots | Data Processing | Standard Form | Interpreting and Comparing Data using Averages and Range"
3-32-141-144-202-213,"Maths | Number | Rounding and Estimating | Basic Arithmetic | Place Value | Rounding to the Nearest Whole (10, 100, etc)"
3-32-141-144-202-213-216,"Maths | Number | Rounding and Estimating | Basic Arithmetic | Place Value | Rounding to the Nearest Whole (10, 100, etc) | Estimation"
3-32-141-144-204-213-216,"Maths | Number | Rounding and Estimating | Basic Arithmetic | Mental Multiplication and Division | Rounding to the Nearest Whole (10, 100, etc) | Estimation"
3-32-141-213,"Maths | Number | Rounding and Estimating | Rounding to the Nearest Whole (10, 100, etc)"
3-32-141-214,Maths | Number | Rounding and Estimating | Rounding to Decimal Places
3-32-141-214-215,Maths | Number | Rounding and Estimating | Rounding to Decimal Places | Rounding to Significant Figures
3-32-141-215,Maths | Number | Rounding and Estimating | Rounding to Significant Figures
3-32-141-215-216,Maths | Number | Rounding and Estimating | Rounding to Significant Figures | Estimation
3-32-141-216,Maths | Number | Rounding and Estimating | Estimation
3-32-141-34,Maths | Number | Rounding and Estimating | Upper and Lower Bounds
3-32-141-34-214,Maths | Number | Rounding and Estimating | Upper and Lower Bounds | Rounding to Decimal Places
3-32-144-1636,Maths | Number | Basic Arithmetic | Systematic Listing Strategies
3-32-144-1676,Maths | Number | Basic Arithmetic | Roman Numerals
3-32-144-200,Maths | Number | Basic Arithmetic | Counting
3-32-144-202,Maths | Number | Basic Arithmetic | Place Value
3-32-144-202-204,Maths | Number | Basic Arithmetic | Place Value | Mental Multiplication and Division
3-32-144-203,Maths | Number | Basic Arithmetic | Mental Addition and Subtraction
3-32-144-203-204,Maths | Number | Basic Arithmetic | Mental Addition and Subtraction | Mental Multiplication and Division
3-32-144-204,Maths | Number | Basic Arithmetic | Mental Multiplication and Division
3-32-144-205,Maths | Number | Basic Arithmetic | Written Addition
3-32-144-205-206,Maths | Number | Basic Arithmetic | Written Addition | Written Subtraction
3-32-144-206,Maths | Number | Basic Arithmetic | Written Subtraction
3-32-144-207,Maths | Number | Basic Arithmetic | Written Multiplication
3-32-144-208,Maths | Number | Basic Arithmetic | Written Division
3-32-144-33,Maths | Number | Basic Arithmetic | BIDMAS
3-32-144-33-204,Maths | Number | Basic Arithmetic | BIDMAS | Mental Multiplication and Division
3-32-331-332,Maths | Number | Money | Currency Conversions
3-32-331-41,Maths | Number | Money | Basic Money
3-32-35-217,Maths | Number | Calculator Use | Basic Calculator Use
3-32-35-218,Maths | Number | Calculator Use | Advanced Calculator Use
3-32-36-141-213-214-215-222,"Maths | Number | Decimals | Rounding and Estimating | Rounding to the Nearest Whole (10, 100, etc) | Rounding to Decimal Places | Rounding to Significant Figures | Ordering Decimals"
3-32-36-141-215-224,Maths | Number | Decimals | Rounding and Estimating | Rounding to Significant Figures | Multiplying and Dividing with Decimals
3-32-36-144-202-224,Maths | Number | Decimals | Basic Arithmetic | Place Value | Multiplying and Dividing with Decimals
3-32-36-222,Maths | Number | Decimals | Ordering Decimals
3-32-36-222-224,Maths | Number | Decimals | Ordering Decimals | Multiplying and Dividing with Decimals
3-32-36-223,Maths | Number | Decimals | Adding and Subtracting with Decimals
3-32-36-224,Maths | Number | Decimals | Multiplying and Dividing with Decimals
3-32-36-38-39-223-230-237,"Maths | Number | Decimals | Fractions, Decimals and Percentage Equivalence | Fractions | Adding and Subtracting with Decimals | Adding and Subtracting Fractions | Converting between Fractions and Decimals"
3-32-36-38-44-224-233-234-239,"Maths | Number | Decimals | Fractions, Decimals and Percentage Equivalence | Percentages | Multiplying and Dividing with Decimals | Percentages of an Amount | Percentage Increase and Decrease | Converting between Decimals and Percentages"
3-32-36-38-44-224-234-239,"Maths | Number | Decimals | Fractions, Decimals and Percentage Equivalence | Percentages | Multiplying and Dividing with Decimals | Percentage Increase and Decrease | Converting between Decimals and Percentages"
3-32-36-39-144-203-204-222-228,Maths | Number | Decimals | Fractions | Basic Arithmetic | Mental Addition and Subtraction | Mental Multiplication and Division | Ordering Decimals | Ordering Fractions
3-32-36-39-224-225-231-232,Maths | Number | Decimals | Fractions | Multiplying and Dividing with Decimals | Fractions of an Amount | Multiplying Fractions | Dividing Fractions
3-32-36-42-144-202-210-222,Maths | Number | Decimals | Negative Numbers | Basic Arithmetic | Place Value | Ordering Negative Numbers | Ordering Decimals
3-32-36-42-210-222,Maths | Number | Decimals | Negative Numbers | Ordering Negative Numbers | Ordering Decimals
3-32-37-144-204-219-221,"Maths | Number | Factors, Multiples and Primes | Basic Arithmetic | Mental Multiplication and Division | Factors and Highest Common Factor | Prime Numbers and Prime Factors"
3-32-37-219,"Maths | Number | Factors, Multiples and Primes | Factors and Highest Common Factor"
3-32-37-219-220,"Maths | Number | Factors, Multiples and Primes | Factors and Highest Common Factor | Multiples and Lowest Common Multiple"
3-32-37-219-220-221,"Maths | Number | Factors, Multiples and Primes | Factors and Highest Common Factor | Multiples and Lowest Common Multiple | Prime Numbers and Prime Factors"
3-32-37-219-221,"Maths | Number | Factors, Multiples and Primes | Factors and Highest Common Factor | Prime Numbers and Prime Factors"
3-32-37-220,"Maths | Number | Factors, Multiples and Primes | Multiples and Lowest Common Multiple"
3-32-37-220-221,"Maths | Number | Factors, Multiples and Primes | Multiples and Lowest Common Multiple | Prime Numbers and Prime Factors"
3-32-37-221,"Maths | Number | Factors, Multiples and Primes | Prime Numbers and Prime Factors"
3-32-38-1082,"Maths | Number | Fractions, Decimals and Percentage Equivalence | Recurring Decimals to Fractions"
3-32-38-144-202-237,"Maths | Number | Fractions, Decimals and Percentage Equivalence | Basic Arithmetic | Place Value | Converting between Fractions and Decimals"
3-32-38-237,"Maths | Number | Fractions, Decimals and Percentage Equivalence | Converting between Fractions and Decimals"
3-32-38-237-238,"Maths | Number | Fractions, Decimals and Percentage Equivalence | Converting between Fractions and Decimals | Converting between Fractions and Percentages"
3-32-38-237-238-239,"Maths | Number | Fractions, Decimals and Percentage Equivalence | Converting between Fractions and Decimals | Converting between Fractions and Percentages | Converting between Decimals and Percentages"
3-32-38-237-239,"Maths | Number | Fractions, Decimals and Percentage Equivalence | Converting between Fractions and Decimals | Converting between Decimals and Percentages"
3-32-38-238,"Maths | Number | Fractions, Decimals and Percentage Equivalence | Converting between Fractions and Percentages"
3-32-38-238-239,"Maths | Number | Fractions, Decimals and Percentage Equivalence | Converting between Fractions and Percentages | Converting between Decimals and Percentages"
3-32-38-239,"Maths | Number | Fractions, Decimals and Percentage Equivalence | Converting between Decimals and Percentages"
3-32-38-39-144-202-227-237,"Maths | Number | Fractions, Decimals and Percentage Equivalence | Fractions | Basic Arithmetic | Place Value | Simplifying Fractions | Converting between Fractions and Decimals"
3-32-38-39-228-237,"Maths | Number | Fractions, Decimals and Percentage Equivalence | Fractions | Ordering Fractions | Converting between Fractions and Decimals"
3-32-38-39-230-237,"Maths | Number | Fractions, Decimals and Percentage Equivalence | Fractions | Adding and Subtracting Fractions | Converting between Fractions and Decimals"
3-32-38-39-42-210-226-239,"Maths | Number | Fractions, Decimals and Percentage Equivalence | Fractions | Negative Numbers | Ordering Negative Numbers | Equivalent Fractions | Converting between Decimals and Percentages"
3-32-38-42-210-237,"Maths | Number | Fractions, Decimals and Percentage Equivalence | Negative Numbers | Ordering Negative Numbers | Converting between Fractions and Decimals"
3-32-38-44-233-238,"Maths | Number | Fractions, Decimals and Percentage Equivalence | Percentages | Percentages of an Amount | Converting between Fractions and Percentages"
3-32-39-144-202-227,Maths | Number | Fractions | Basic Arithmetic | Place Value | Simplifying Fractions
3-32-39-144-33-230-231,Maths | Number | Fractions | Basic Arithmetic | BIDMAS | Adding and Subtracting Fractions | Multiplying Fractions
3-32-39-225,Maths | Number | Fractions | Fractions of an Amount
3-32-39-225-227,Maths | Number | Fractions | Fractions of an Amount | Simplifying Fractions
3-32-39-226,Maths | Number | Fractions | Equivalent Fractions
3-32-39-227,Maths | Number | Fractions | Simplifying Fractions
3-32-39-228,Maths | Number | Fractions | Ordering Fractions
3-32-39-229,Maths | Number | Fractions | Converting Mixed Number and Improper Fractions
3-32-39-230,Maths | Number | Fractions | Adding and Subtracting Fractions
3-32-39-230-231,Maths | Number | Fractions | Adding and Subtracting Fractions | Multiplying Fractions
3-32-39-230-231-232,Maths | Number | Fractions | Adding and Subtracting Fractions | Multiplying Fractions | Dividing Fractions
3-32-39-230-232,Maths | Number | Fractions | Adding and Subtracting Fractions | Dividing Fractions
3-32-39-231,Maths | Number | Fractions | Multiplying Fractions
3-32-39-231-232,Maths | Number | Fractions | Multiplying Fractions | Dividing Fractions
3-32-39-232,Maths | Number | Fractions | Dividing Fractions
3-32-39-42-212-227,Maths | Number | Fractions | Negative Numbers | Multiplying and Dividing Negative Numbers | Simplifying Fractions
3-32-40-144-202-245,"Maths | Number | Indices, Powers and Roots | Basic Arithmetic | Place Value | Squares, Cubes, etc"
3-32-40-144-203-245,"Maths | Number | Indices, Powers and Roots | Basic Arithmetic | Mental Addition and Subtraction | Squares, Cubes, etc"
3-32-40-144-33-245,"Maths | Number | Indices, Powers and Roots | Basic Arithmetic | BIDMAS | Squares, Cubes, etc"
3-32-40-245,"Maths | Number | Indices, Powers and Roots | Squares, Cubes, etc"
3-32-40-245-246-247,"Maths | Number | Indices, Powers and Roots | Squares, Cubes, etc | Square Roots, Cube Roots, etc | Laws of Indices"
3-32-40-246,"Maths | Number | Indices, Powers and Roots | Square Roots, Cube Roots, etc"
3-32-40-247,"Maths | Number | Indices, Powers and Roots | Laws of Indices"
3-32-40-47,"Maths | Number | Indices, Powers and Roots | Standard Form"
3-32-42-144-202-210,Maths | Number | Negative Numbers | Basic Arithmetic | Place Value | Ordering Negative Numbers
3-32-42-144-203-211,Maths | Number | Negative Numbers | Basic Arithmetic | Mental Addition and Subtraction | Adding and Subtracting Negative Numbers
3-32-42-210,Maths | Number | Negative Numbers | Ordering Negative Numbers
3-32-42-210-211-212,Maths | Number | Negative Numbers | Ordering Negative Numbers | Adding and Subtracting Negative Numbers | Multiplying and Dividing Negative Numbers
3-32-42-211,Maths | Number | Negative Numbers | Adding and Subtracting Negative Numbers
3-32-42-211-212,Maths | Number | Negative Numbers | Adding and Subtracting Negative Numbers | Multiplying and Dividing Negative Numbers
3-32-42-212,Maths | Number | Negative Numbers | Multiplying and Dividing Negative Numbers
3-32-44-233,Maths | Number | Percentages | Percentages of an Amount
3-32-44-233-234,Maths | Number | Percentages | Percentages of an Amount | Percentage Increase and Decrease
3-32-44-234,Maths | Number | Percentages | Percentage Increase and Decrease
3-32-44-235,Maths | Number | Percentages | Reverse Percentages (Original Amount)
3-32-44-236,Maths | Number | Percentages | Repeated Percentages and Compound Interest
3-32-44-331-41-233,Maths | Number | Percentages | Money | Basic Money | Percentages of an Amount
3-32-44-331-41-234,Maths | Number | Percentages | Money | Basic Money | Percentage Increase and Decrease
3-32-44-331-41-236,Maths | Number | Percentages | Money | Basic Money | Repeated Percentages and Compound Interest
3-32-45-243,Maths | Number | Proportion | Direct Proportion
3-32-45-243-244,Maths | Number | Proportion | Direct Proportion | Indirect (Inverse) Proportion
3-32-45-244,Maths | Number | Proportion | Indirect (Inverse) Proportion
3-32-45-46-243-1647,Maths | Number | Proportion | Ratio | Direct Proportion | Scale Drawing and Maps
3-32-46-1059,Maths | Number | Ratio | Best Value
3-32-46-1647,Maths | Number | Ratio | Scale Drawing and Maps
3-32-46-240,Maths | Number | Ratio | Simplifying and Equivalent Ratios
3-32-46-240-334,Maths | Number | Ratio | Simplifying and Equivalent Ratios | Writing Ratios
3-32-46-241,Maths | Number | Ratio | Sharing in a Ratio
3-32-46-242,Maths | Number | Ratio | Find Missing Quantities
3-32-46-334,Maths | Number | Ratio | Writing Ratios
3-32-48-248,Maths | Number | Surds | Simplifying Surds
3-32-48-248-249,Maths | Number | Surds | Simplifying Surds | Operations with Surds
3-32-48-248-249-250,Maths | Number | Surds | Simplifying Surds | Operations with Surds | Rationalising the Denominator
3-32-48-249,Maths | Number | Surds | Operations with Surds
3-32-48-249-250,Maths | Number | Surds | Operations with Surds | Rationalising the Denominator
3-32-48-250,Maths | Number | Surds | Rationalising the Denominator
3-32-49-141-154-69-215,Maths | Number | Algebra | Rounding and Estimating | Solving Equations | Trial and Improvement and Iterative Methods | Rounding to Significant Figures
3-32-49-144-156-33-67,Maths | Number | Algebra | Basic Arithmetic | Formula | BIDMAS | Substitution into Formula
3-32-49-158-331-58-332,Maths | Number | Algebra | Other Graphs | Money | Real Life Graphs | Currency Conversions
3-32-49-36-39-44-59-165-222-230-233,Maths | Number | Algebra | Decimals | Fractions | Percentages | Inequalities | Inequalities on Number Lines | Ordering Decimals | Adding and Subtracting Fractions | Percentages of an Amount
3-32-49-36-42-59-165-210-222,Maths | Number | Algebra | Decimals | Negative Numbers | Inequalities | Inequalities on Number Lines | Ordering Negative Numbers | Ordering Decimals
3-32-49-40-62-247-251,"Maths | Number | Algebra | Indices, Powers and Roots | Writing and Simplifying Expressions | Laws of Indices | Simplifying Expressions by Collecting Like Terms"
3-32-49-40-62-247-251-252,"Maths | Number | Algebra | Indices, Powers and Roots | Writing and Simplifying Expressions | Laws of Indices | Simplifying Expressions by Collecting Like Terms | Multiplying Terms"
3-32-49-40-62-247-252-253,"Maths | Number | Algebra | Indices, Powers and Roots | Writing and Simplifying Expressions | Laws of Indices | Multiplying Terms | Dividing Terms"
3-32-49-40-62-70-247-251,"Maths | Number | Algebra | Indices, Powers and Roots | Writing and Simplifying Expressions | Writing Expressions | Laws of Indices | Simplifying Expressions by Collecting Like Terms"
3-32-49-45-158-58-244,Maths | Number | Algebra | Proportion | Other Graphs | Real Life Graphs | Indirect (Inverse) Proportion
3-32-49-46-81-241-408,Maths | Number | Algebra | Ratio | Co-ordinates | Sharing in a Ratio | Midpoint Between Two Co-ordinates
3-32-49-59-144-165-203-204,Maths | Number | Algebra | Inequalities | Basic Arithmetic | Inequalities on Number Lines | Mental Addition and Subtraction | Mental Multiplication and Division
3-32-49-62-144-154-33-64-70,Maths | Number | Algebra | Writing and Simplifying Expressions | Basic Arithmetic | Solving Equations | BIDMAS | Linear Equations | Writing Expressions
3-32-71-141-178-75-215,Maths | Number | Geometry and Measure | Rounding and Estimating | Perimeter and Area | Area of Simple Shapes | Rounding to Significant Figures
3-32-71-39-45-98-197-225-243,Maths | Number | Geometry and Measure | Fractions | Proportion | Units of Measurement | Volume and Capacity Units | Fractions of an Amount | Direct Proportion
3-32-71-44-98-195-233,Maths | Number | Geometry and Measure | Percentages | Units of Measurement | Length Units | Percentages of an Amount
3-32-71-44-98-209-233,Maths | Number | Geometry and Measure | Percentages | Units of Measurement | Time | Percentages of an Amount
3-32-71-45-98-195-243,Maths | Number | Geometry and Measure | Proportion | Units of Measurement | Length Units | Direct Proportion
3-32-71-45-98-198-243,Maths | Number | Geometry and Measure | Proportion | Units of Measurement | Weight Units | Direct Proportion
3-32-71-46-178-75-240,Maths | Number | Geometry and Measure | Ratio | Perimeter and Area | Area of Simple Shapes | Simplifying and Equivalent Ratios
3-32-71-46-83-1181-1647,"Maths | Number | Geometry and Measure | Ratio | Construction, Loci and Scale Drawing | Construction, Loci and Scale Drawing-Others | Scale Drawing and Maps"
3-32-71-46-83-272-273-1181-1647,"Maths | Number | Geometry and Measure | Ratio | Construction, Loci and Scale Drawing | Similarity and Congruency | Length, Area and Volume Scale Factors | Construction, Loci and Scale Drawing-Others | Scale Drawing and Maps"
3-32-71-46-83-272-90-1181-1647,"Maths | Number | Geometry and Measure | Ratio | Construction, Loci and Scale Drawing | Similarity and Congruency | Length Scale Factors in Similar Shapes | Construction, Loci and Scale Drawing-Others | Scale Drawing and Maps"
3-32-71-46-83-98-195-1181-1647,"Maths | Number | Geometry and Measure | Ratio | Construction, Loci and Scale Drawing | Units of Measurement | Length Units | Construction, Loci and Scale Drawing-Others | Scale Drawing and Maps"
3-32-71-46-98-198-240,Maths | Number | Geometry and Measure | Ratio | Units of Measurement | Weight Units | Simplifying and Equivalent Ratios
3-32-71-98-144-198-202,Maths | Number | Geometry and Measure | Units of Measurement | Basic Arithmetic | Weight Units | Place Value
3-32-71-98-144-199-202,Maths | Number | Geometry and Measure | Units of Measurement | Basic Arithmetic | Temperature units | Place Value
3-49-152-154-50-64,Maths | Algebra | Expanding Brackets | Solving Equations | Expanding Single Brackets | Linear Equations
3-49-152-156-50-67,Maths | Algebra | Expanding Brackets | Formula | Expanding Single Brackets | Substitution into Formula
3-49-152-335,Maths | Algebra | Expanding Brackets | Expanding Triple Brackets and more
3-49-152-50,Maths | Algebra | Expanding Brackets | Expanding Single Brackets
3-49-152-51,Maths | Algebra | Expanding Brackets | Expanding Double Brackets
3-49-153-254,Maths | Algebra | Factorising | Difference of Two Squares
3-49-153-255-53-1077,Maths | Algebra | Factorising | Algebraic Fractions | Factorising into a Double Bracket | Simplifying Algebraic Fractions
3-49-153-256,Maths | Algebra | Factorising | Completing the Square
3-49-153-52,Maths | Algebra | Factorising | Factorising into a Single Bracket
3-49-153-53,Maths | Algebra | Factorising | Factorising into a Double Bracket
3-49-154-156-65-67,Maths | Algebra | Solving Equations | Formula | Quadratic Equations | Substitution into Formula
3-49-154-63,Maths | Algebra | Solving Equations | Simultaneous Equations
3-49-154-64,Maths | Algebra | Solving Equations | Linear Equations
3-49-154-64-649,Maths | Algebra | Solving Equations | Linear Equations | Function Machines
3-49-154-649,Maths | Algebra | Solving Equations | Function Machines
3-49-154-65,Maths | Algebra | Solving Equations | Quadratic Equations
3-49-154-66,Maths | Algebra | Solving Equations | Solving Other Powers of x
3-49-154-69,Maths | Algebra | Solving Equations | Trial and Improvement and Iterative Methods
3-49-156-157,Maths | Algebra | Formula | Writing Formula
3-49-156-60,Maths | Algebra | Formula | Rearranging Formula and Equations
3-49-156-60-67,Maths | Algebra | Formula | Rearranging Formula and Equations | Substitution into Formula
3-49-156-67,Maths | Algebra | Formula | Substitution into Formula
3-49-158-1212,Maths | Algebra | Other Graphs | Other Graphs-Others
3-49-158-159,Maths | Algebra | Other Graphs | Equation of a Circle
3-49-158-160,Maths | Algebra | Other Graphs | Graphs of Exponentials and Other Powers of x
3-49-158-56,Maths | Algebra | Other Graphs | Graphs of Trigonometric Functions
3-49-158-57,Maths | Algebra | Other Graphs | Cubics and Reciprocals
3-49-158-58,Maths | Algebra | Other Graphs | Real Life Graphs
3-49-255-1077,Maths | Algebra | Algebraic Fractions | Simplifying Algebraic Fractions
3-49-255-1078,Maths | Algebra | Algebraic Fractions | Adding and Subtracting Algebraic Fractions
3-49-255-1079,Maths | Algebra | Algebraic Fractions | Multiplying and Dividing Algebraic Fractions
3-49-255-1080,Maths | Algebra | Algebraic Fractions | Solving Equations with Algebraic Fractions
3-49-54-154-158-63-159-264,Maths | Algebra | Straight Line Graphs | Solving Equations | Other Graphs | Simultaneous Equations | Equation of a Circle | Graphical Solution of Simultaneous Equations
3-49-54-154-63-264,Maths | Algebra | Straight Line Graphs | Solving Equations | Simultaneous Equations | Graphical Solution of Simultaneous Equations
3-49-54-154-64-264,Maths | Algebra | Straight Line Graphs | Solving Equations | Linear Equations | Graphical Solution of Simultaneous Equations
3-49-54-158-159-263,Maths | Algebra | Straight Line Graphs | Other Graphs | Equation of a Circle | Perpendicular Lines
3-49-54-158-159-264,Maths | Algebra | Straight Line Graphs | Other Graphs | Equation of a Circle | Graphical Solution of Simultaneous Equations
3-49-54-158-58-261,Maths | Algebra | Straight Line Graphs | Other Graphs | Real Life Graphs | Gradient as change in y over change in x
3-49-54-257,Maths | Algebra | Straight Line Graphs | Plotting Lines from Tables of Values
3-49-54-258,Maths | Algebra | Straight Line Graphs | Horizontal and Vertical Lines
3-49-54-259,Maths | Algebra | Straight Line Graphs | Finding the Equation of a Line
3-49-54-259-261,Maths | Algebra | Straight Line Graphs | Finding the Equation of a Line | Gradient as change in y over change in x
3-49-54-260,Maths | Algebra | Straight Line Graphs | Finding the Gradient and Intercept of a Line from the Equation
3-49-54-260-262,Maths | Algebra | Straight Line Graphs | Finding the Gradient and Intercept of a Line from the Equation | Parallel Lines
3-49-54-260-263,Maths | Algebra | Straight Line Graphs | Finding the Gradient and Intercept of a Line from the Equation | Perpendicular Lines
3-49-54-261,Maths | Algebra | Straight Line Graphs | Gradient as change in y over change in x
3-49-54-262,Maths | Algebra | Straight Line Graphs | Parallel Lines
3-49-54-262-263,Maths | Algebra | Straight Line Graphs | Parallel Lines | Perpendicular Lines
3-49-54-263,Maths | Algebra | Straight Line Graphs | Perpendicular Lines
3-49-54-263-656,Maths | Algebra | Straight Line Graphs | Perpendicular Lines | Co-ordinate Geometry with Straight Lines
3-49-54-264,Maths | Algebra | Straight Line Graphs | Graphical Solution of Simultaneous Equations
3-49-54-55-258-266,Maths | Algebra | Straight Line Graphs | Quadratic Graphs | Horizontal and Vertical Lines | Sketching from Factorised Form
3-49-54-656,Maths | Algebra | Straight Line Graphs | Co-ordinate Geometry with Straight Lines
3-49-54-81-259-409,Maths | Algebra | Straight Line Graphs | Co-ordinates | Finding the Equation of a Line | Gradient Between Two Co-ordinates
3-49-54-81-261-409,Maths | Algebra | Straight Line Graphs | Co-ordinates | Gradient as change in y over change in x | Gradient Between Two Co-ordinates
3-49-55-154-65-268,Maths | Algebra | Quadratic Graphs | Solving Equations | Quadratic Equations | Graphical Solution of Quadratic Equations
3-49-55-265,Maths | Algebra | Quadratic Graphs | Plotting Quadratics from Tables of Values
3-49-55-266,Maths | Algebra | Quadratic Graphs | Sketching from Factorised Form
3-49-55-267,Maths | Algebra | Quadratic Graphs | Sketching from Completing the Square Form
3-49-55-268,Maths | Algebra | Quadratic Graphs | Graphical Solution of Quadratic Equations
3-49-55-68-163-1171,Maths | Algebra | Quadratic Graphs | Transformation of Functions | Transformations of functions in the form y = | Quadratic Graphs-Others
3-49-55-68-163-266,Maths | Algebra | Quadratic Graphs | Transformation of Functions | Transformations of functions in the form y = | Sketching from Factorised Form
3-49-59-165,Maths | Algebra | Inequalities | Inequalities on Number Lines
3-49-59-166,Maths | Algebra | Inequalities | Solving Linear Inequalities
3-49-59-167,Maths | Algebra | Inequalities | Graphing Linear Inequalities (Shading Regions)
3-49-59-168,Maths | Algebra | Inequalities | Solving Quadratic Inequalities
3-49-61-171,Maths | Algebra | Sequences | Linear Sequences (nth term)
3-49-61-171-173,Maths | Algebra | Sequences | Linear Sequences (nth term) | Other Sequences
3-49-61-172,Maths | Algebra | Sequences | Quadratic Sequences
3-49-61-173,Maths | Algebra | Sequences | Other Sequences
3-49-62-1081,Maths | Algebra | Writing and Simplifying Expressions | Algebraic Proof
3-49-62-1174,Maths | Algebra | Writing and Simplifying Expressions | Writing and Simplifying Expressions-Others
3-49-62-152-50-251,Maths | Algebra | Writing and Simplifying Expressions | Expanding Brackets | Expanding Single Brackets | Simplifying Expressions by Collecting Like Terms
3-49-62-154-64-251,Maths | Algebra | Writing and Simplifying Expressions | Solving Equations | Linear Equations | Simplifying Expressions by Collecting Like Terms
3-49-62-154-64-70,Maths | Algebra | Writing and Simplifying Expressions | Solving Equations | Linear Equations | Writing Expressions
3-49-62-154-64-70-251-252,Maths | Algebra | Writing and Simplifying Expressions | Solving Equations | Linear Equations | Writing Expressions | Simplifying Expressions by Collecting Like Terms | Multiplying Terms
3-49-62-156-70-157,Maths | Algebra | Writing and Simplifying Expressions | Formula | Writing Expressions | Writing Formula
3-49-62-251,Maths | Algebra | Writing and Simplifying Expressions | Simplifying Expressions by Collecting Like Terms
3-49-62-252,Maths | Algebra | Writing and Simplifying Expressions | Multiplying Terms
3-49-62-252-253,Maths | Algebra | Writing and Simplifying Expressions | Multiplying Terms | Dividing Terms
3-49-62-253,Maths | Algebra | Writing and Simplifying Expressions | Dividing Terms
3-49-62-255-253-1077,Maths | Algebra | Writing and Simplifying Expressions | Algebraic Fractions | Dividing Terms | Simplifying Algebraic Fractions
3-49-62-70,Maths | Algebra | Writing and Simplifying Expressions | Writing Expressions
3-49-62-70-251,Maths | Algebra | Writing and Simplifying Expressions | Writing Expressions | Simplifying Expressions by Collecting Like Terms
3-49-62-70-251-253,Maths | Algebra | Writing and Simplifying Expressions | Writing Expressions | Simplifying Expressions by Collecting Like Terms | Dividing Terms
3-49-62-70-252,Maths | Algebra | Writing and Simplifying Expressions | Writing Expressions | Multiplying Terms
3-49-68-1175,Maths | Algebra | Transformation of Functions | Transformation of Functions-Others
3-49-68-158-56-163,Maths | Algebra | Transformation of Functions | Other Graphs | Graphs of Trigonometric Functions | Transformations of functions in the form y =
3-49-68-158-56-164,Maths | Algebra | Transformation of Functions | Other Graphs | Graphs of Trigonometric Functions | Transformations of functions in the form f(x)
3-49-68-158-57-163,Maths | Algebra | Transformation of Functions | Other Graphs | Cubics and Reciprocals | Transformations of functions in the form y =
3-49-68-163,Maths | Algebra | Transformation of Functions | Transformations of functions in the form y =
3-49-68-164,Maths | Algebra | Transformation of Functions | Transformations of functions in the form f(x)
3-49-71-100-156-60-1649,Maths | Algebra | Geometry and Measure | Volume and Surface Area | Formula | Rearranging Formula and Equations | Volume of Non-Prisms
3-49-71-154-156-174-64-67-175,Maths | Algebra | Geometry and Measure | Solving Equations | Formula | 2D Names and Properties of Shapes | Linear Equations | Substitution into Formula | Properties of Triangles
3-49-71-154-174-178-64-75-88,Maths | Algebra | Geometry and Measure | Solving Equations | 2D Names and Properties of Shapes | Perimeter and Area | Linear Equations | Area of Simple Shapes | Properties of Quadrilaterals
3-49-71-156-178-67-75,Maths | Algebra | Geometry and Measure | Formula | Perimeter and Area | Substitution into Formula | Area of Simple Shapes
3-49-71-158-272-159-273,"Maths | Algebra | Geometry and Measure | Other Graphs | Similarity and Congruency | Equation of a Circle | Length, Area and Volume Scale Factors"
3-49-71-54-278-92-257,Maths | Algebra | Geometry and Measure | Straight Line Graphs | Transformations | Reflection | Plotting Lines from Tables of Values
3-49-71-62-153-178-52-70-86,Maths | Algebra | Geometry and Measure | Writing and Simplifying Expressions | Factorising | Perimeter and Area | Factorising into a Single Bracket | Writing Expressions | Perimeter
3-49-71-74-154-64-182,Maths | Algebra | Geometry and Measure | Angles | Solving Equations | Linear Equations | Angle Facts with Parallel Lines
3-49-71-79-158-58-269,"Maths | Algebra | Geometry and Measure | Compound Measures | Other Graphs | Real Life Graphs | Speed, Distance, Time"
3-49-71-81-174-88-406,Maths | Algebra | Geometry and Measure | Co-ordinates | 2D Names and Properties of Shapes | Properties of Quadrilaterals | Naming Co-ordinates in 2D
3-49-71-81-271-89-410,Maths | Algebra | Geometry and Measure | Co-ordinates | Pythagoras | 2D Pythagoras | Distance Between Two Co-ordinates
3-49-81-1180,Maths | Algebra | Co-ordinates | Co-ordinates-Others
3-49-81-406,Maths | Algebra | Co-ordinates | Naming Co-ordinates in 2D
3-49-81-408,Maths | Algebra | Co-ordinates | Midpoint Between Two Co-ordinates
3-49-81-409,Maths | Algebra | Co-ordinates | Gradient Between Two Co-ordinates
3-49-81-410,Maths | Algebra | Co-ordinates | Distance Between Two Co-ordinates
3-71-100-1186,Maths | Geometry and Measure | Volume and Surface Area | Volume and Surface Area-Others
3-71-100-1648,Maths | Geometry and Measure | Volume and Surface Area | Surface Area of Non-Prisms
3-71-100-1649,Maths | Geometry and Measure | Volume and Surface Area | Volume of Non-Prisms
3-71-100-176-188-657,Maths | Geometry and Measure | Volume and Surface Area | 3D Shapes | Surface Area of Prisms | Isometric Drawings
3-71-100-176-657-1648,Maths | Geometry and Measure | Volume and Surface Area | 3D Shapes | Isometric Drawings | Surface Area of Non-Prisms
3-71-100-176-87-189,Maths | Geometry and Measure | Volume and Surface Area | 3D Shapes | Plans and Elevations | Volume of Prisms
3-71-100-178-179-189,Maths | Geometry and Measure | Volume and Surface Area | Perimeter and Area | Compound Area | Volume of Prisms
3-71-100-188,Maths | Geometry and Measure | Volume and Surface Area | Surface Area of Prisms
3-71-100-188-1186,Maths | Geometry and Measure | Volume and Surface Area | Surface Area of Prisms | Volume and Surface Area-Others
3-71-100-189,Maths | Geometry and Measure | Volume and Surface Area | Volume of Prisms
3-71-100-189-1649,Maths | Geometry and Measure | Volume and Surface Area | Volume of Prisms | Volume of Non-Prisms
3-71-100-271-72-1649,Maths | Geometry and Measure | Volume and Surface Area | Pythagoras | 3D Pythagoras | Volume of Non-Prisms
3-71-174-1213,Maths | Geometry and Measure | 2D Names and Properties of Shapes | 2D Names and Properties of Shapes-Others
3-71-174-175,Maths | Geometry and Measure | 2D Names and Properties of Shapes | Properties of Triangles
3-71-174-178-86-175,Maths | Geometry and Measure | 2D Names and Properties of Shapes | Perimeter and Area | Perimeter | Properties of Triangles
3-71-174-272-80-88,Maths | Geometry and Measure | 2D Names and Properties of Shapes | Similarity and Congruency | Congruency in Triangles | Properties of Quadrilaterals
3-71-174-84,Maths | Geometry and Measure | 2D Names and Properties of Shapes | Properties of Polygons
3-71-174-84-88,Maths | Geometry and Measure | 2D Names and Properties of Shapes | Properties of Polygons | Properties of Quadrilaterals
3-71-174-88,Maths | Geometry and Measure | 2D Names and Properties of Shapes | Properties of Quadrilaterals
3-71-176-1214,Maths | Geometry and Measure | 3D Shapes | 3D Shapes-Others
3-71-176-177,Maths | Geometry and Measure | 3D Shapes | Names and Properties of 3D Shapes
3-71-176-657,Maths | Geometry and Measure | 3D Shapes | Isometric Drawings
3-71-176-85,Maths | Geometry and Measure | 3D Shapes | Nets
3-71-176-87,Maths | Geometry and Measure | 3D Shapes | Plans and Elevations
3-71-178-179,Maths | Geometry and Measure | Perimeter and Area | Compound Area
3-71-178-271-86-89,Maths | Geometry and Measure | Perimeter and Area | Pythagoras | Perimeter | 2D Pythagoras
3-71-178-272-278-86-90-94,Maths | Geometry and Measure | Perimeter and Area | Similarity and Congruency | Transformations | Perimeter | Length Scale Factors in Similar Shapes | Enlargement
3-71-178-655,Maths | Geometry and Measure | Perimeter and Area | Missing Lengths
3-71-178-75,Maths | Geometry and Measure | Perimeter and Area | Area of Simple Shapes
3-71-178-75-86,Maths | Geometry and Measure | Perimeter and Area | Area of Simple Shapes | Perimeter
3-71-178-86,Maths | Geometry and Measure | Perimeter and Area | Perimeter
3-71-178-86-655,Maths | Geometry and Measure | Perimeter and Area | Perimeter | Missing Lengths
3-71-271-72,Maths | Geometry and Measure | Pythagoras | 3D Pythagoras
3-71-271-89,Maths | Geometry and Measure | Pythagoras | 2D Pythagoras
3-71-272-1218,Maths | Geometry and Measure | Similarity and Congruency | Similarity and Congruency-Others
3-71-272-273,"Maths | Geometry and Measure | Similarity and Congruency | Length, Area and Volume Scale Factors"
3-71-272-274,Maths | Geometry and Measure | Similarity and Congruency | Congruency in Other Shapes
3-71-272-278-90-94,Maths | Geometry and Measure | Similarity and Congruency | Transformations | Length Scale Factors in Similar Shapes | Enlargement
3-71-272-80,Maths | Geometry and Measure | Similarity and Congruency | Congruency in Triangles
3-71-272-80-274,Maths | Geometry and Measure | Similarity and Congruency | Congruency in Triangles | Congruency in Other Shapes
3-71-272-90,Maths | Geometry and Measure | Similarity and Congruency | Length Scale Factors in Similar Shapes
3-71-272-90-273,"Maths | Geometry and Measure | Similarity and Congruency | Length Scale Factors in Similar Shapes | Length, Area and Volume Scale Factors"
3-71-278-92,Maths | Geometry and Measure | Transformations | Reflection
3-71-278-92-93-94-95,Maths | Geometry and Measure | Transformations | Reflection | Rotation | Enlargement | Translation and Vectors
3-71-278-92-95,Maths | Geometry and Measure | Transformations | Reflection | Translation and Vectors
3-71-278-93,Maths | Geometry and Measure | Transformations | Rotation
3-71-278-94,Maths | Geometry and Measure | Transformations | Enlargement
3-71-278-95,Maths | Geometry and Measure | Transformations | Translation and Vectors
3-71-278-96,Maths | Geometry and Measure | Transformations | Combined Transformations
3-71-74-174-175-439,Maths | Geometry and Measure | Angles | 2D Names and Properties of Shapes | Properties of Triangles | Angles in Triangles
3-71-74-174-88-183,Maths | Geometry and Measure | Angles | 2D Names and Properties of Shapes | Properties of Quadrilaterals | Angles in Polygons
3-71-74-180,Maths | Geometry and Measure | Angles | Measuring Angles
3-71-74-181,"Maths | Geometry and Measure | Angles | Basic Angle Facts (straight line, opposite, around a point, etc)"
3-71-74-181-182,"Maths | Geometry and Measure | Angles | Basic Angle Facts (straight line, opposite, around a point, etc) | Angle Facts with Parallel Lines"
3-71-74-181-183,"Maths | Geometry and Measure | Angles | Basic Angle Facts (straight line, opposite, around a point, etc) | Angles in Polygons"
3-71-74-181-439,"Maths | Geometry and Measure | Angles | Basic Angle Facts (straight line, opposite, around a point, etc) | Angles in Triangles"
3-71-74-182,Maths | Geometry and Measure | Angles | Angle Facts with Parallel Lines
3-71-74-183,Maths | Geometry and Measure | Angles | Angles in Polygons
3-71-74-272-80-439,Maths | Geometry and Measure | Angles | Similarity and Congruency | Congruency in Triangles | Angles in Triangles
3-71-74-272-90-182,Maths | Geometry and Measure | Angles | Similarity and Congruency | Length Scale Factors in Similar Shapes | Angle Facts with Parallel Lines
3-71-74-439,Maths | Geometry and Measure | Angles | Angles in Triangles
3-71-74-73,"Maths | Geometry and Measure | Angles | Types, Naming and Estimating"
3-71-74-76,Maths | Geometry and Measure | Angles | Bearings
3-71-74-78,Maths | Geometry and Measure | Angles | Circle Theorems
3-71-77-178-75-186,Maths | Geometry and Measure | Circles | Perimeter and Area | Area of Simple Shapes | Area of a Circle
3-71-77-184,Maths | Geometry and Measure | Circles | Parts of a Circle
3-71-77-185,Maths | Geometry and Measure | Circles | Circumference
3-71-77-185-186,Maths | Geometry and Measure | Circles | Circumference | Area of a Circle
3-71-77-185-187,Maths | Geometry and Measure | Circles | Circumference | Sectors of a Circle
3-71-77-186,Maths | Geometry and Measure | Circles | Area of a Circle
3-71-77-187,Maths | Geometry and Measure | Circles | Sectors of a Circle
3-71-79-1750,Maths | Geometry and Measure | Compound Measures | Pressure
3-71-79-269,"Maths | Geometry and Measure | Compound Measures | Speed, Distance, Time"
3-71-79-270,Maths | Geometry and Measure | Compound Measures | Density
3-71-79-98-195-269,"Maths | Geometry and Measure | Compound Measures | Units of Measurement | Length Units | Speed, Distance, Time"
3-71-79-98-199-1179,Maths | Geometry and Measure | Compound Measures | Units of Measurement | Temperature units | Compound Measures-Others
3-71-79-98-270-1184-1750,Maths | Geometry and Measure | Compound Measures | Units of Measurement | Density | Units of Measurement-Others | Pressure
3-71-83-191,"Maths | Geometry and Measure | Construction, Loci and Scale Drawing | Construct Triangle"
3-71-83-192,"Maths | Geometry and Measure | Construction, Loci and Scale Drawing | Construct Angle and Line Bisectors"
3-71-83-193,"Maths | Geometry and Measure | Construction, Loci and Scale Drawing | Loci Scenarios"
3-71-91-1182,Maths | Geometry and Measure | Symmetry | Symmetry-Others
3-71-91-174-84-275,Maths | Geometry and Measure | Symmetry | 2D Names and Properties of Shapes | Properties of Polygons | Line Symmetry
3-71-91-174-84-276,Maths | Geometry and Measure | Symmetry | 2D Names and Properties of Shapes | Properties of Polygons | Rotational Symmetry
3-71-91-275,Maths | Geometry and Measure | Symmetry | Line Symmetry
3-71-91-276,Maths | Geometry and Measure | Symmetry | Rotational Symmetry
3-71-91-277,Maths | Geometry and Measure | Symmetry | 3D Plane Symmetry
3-71-97-1651,Maths | Geometry and Measure | Basic Trigonometry | 3D Trigonometry
3-71-97-271-89-279,Maths | Geometry and Measure | Basic Trigonometry | Pythagoras | 2D Pythagoras | Right-angled Triangles (SOHCAHTOA)
3-71-97-279,Maths | Geometry and Measure | Basic Trigonometry | Right-angled Triangles (SOHCAHTOA)
3-71-97-280,Maths | Geometry and Measure | Basic Trigonometry | Non Right-angled Triangles (Sine and Cosine Rules)
3-71-97-281,Maths | Geometry and Measure | Basic Trigonometry | Area of Non Right-angled Triangles
3-71-97-282,Maths | Geometry and Measure | Basic Trigonometry | Exact Values of Trigonometric Ratios
3-71-98-100-189-195,Maths | Geometry and Measure | Units of Measurement | Volume and Surface Area | Volume of Prisms | Length Units
3-71-98-1184,Maths | Geometry and Measure | Units of Measurement | Units of Measurement-Others
3-71-98-178-86-195,Maths | Geometry and Measure | Units of Measurement | Perimeter and Area | Perimeter | Length Units
3-71-98-195,Maths | Geometry and Measure | Units of Measurement | Length Units
3-71-98-195-198-209,Maths | Geometry and Measure | Units of Measurement | Length Units | Weight Units | Time
3-71-98-196,Maths | Geometry and Measure | Units of Measurement | Area Units
3-71-98-197,Maths | Geometry and Measure | Units of Measurement | Volume and Capacity Units
3-71-98-198,Maths | Geometry and Measure | Units of Measurement | Weight Units
3-71-98-199,Maths | Geometry and Measure | Units of Measurement | Temperature units
3-71-98-209,Maths | Geometry and Measure | Units of Measurement | Time
3-71-99-278-95-1185,Maths | Geometry and Measure | Basic Vectors | Transformations | Translation and Vectors | Basic Vectors-Others
3-71-99-278-95-283,Maths | Geometry and Measure | Basic Vectors | Transformations | Translation and Vectors | Add and Subtract Vectors
3-71-99-278-95-284,Maths | Geometry and Measure | Basic Vectors | Transformations | Translation and Vectors | Vector Geometry
3-71-99-283,Maths | Geometry and Measure | Basic Vectors | Add and Subtract Vectors
3-71-99-283-284,Maths | Geometry and Measure | Basic Vectors | Add and Subtract Vectors | Vector Geometry
3-71-99-284,Maths | Geometry and Measure | Basic Vectors | Vector Geometry
